{
  "wall_sec": 0.06803679466247559,
  "turns": [
    {
      "start": 0.03,
      "end": 60.00000000000151,
      "speaker": "S1"
    }
  ]
}